dataset,best parameters,accuracy,precision,recall,f1,contingency matrix,loss_values_train,loss_values_test,n_estimators
Neck,"{'smote__k_neighbors': 4, 'gb__n_estimators': 500, 'gb__min_samples_split': 10, 'gb__min_samples_leaf': 1, 'gb__max_features': 'sqrt', 'gb__max_depth': 2, 'gb__learning_rate': 0.5}",0.9768637532133676,0.977156383337887,0.9768637532133676,0.9769431283617118,"[[264   6]
 [  3 116]]","[3.99765155e-01 2.89278179e-01 2.34810853e-01 1.88280432e-01
 1.56955251e-01 1.34182836e-01 1.19271125e-01 1.11754199e-01
 1.03472381e-01 9.61430738e-02 8.71783399e-02 8.25583758e-02
 7.61831418e-02 7.43018809e-02 7.28725767e-02 6.91239926e-02
 6.77894588e-02 6.12292568e-02 5.83246540e-02 5.73357535e-02
 5.60039291e-02 5.55891529e-02 5.22391374e-02 5.03617884e-02
 4.84285601e-02 4.75688040e-02 4.45347954e-02 4.33677150e-02
 4.29984645e-02 4.14935039e-02 4.10766723e-02 4.00396907e-02
 3.87366717e-02 3.71410022e-02 3.62635949e-02 3.55914509e-02
 3.48624643e-02 3.36678691e-02 3.19213693e-02 3.05176035e-02
 3.03586945e-02 2.96904499e-02 2.88890801e-02 2.78889036e-02
 2.72656888e-02 2.66759743e-02 2.54926071e-02 2.44817086e-02
 2.38976426e-02 2.34449250e-02 2.26586318e-02 2.14842697e-02
 2.05669475e-02 1.94622298e-02 1.87700115e-02 1.81028742e-02
 1.75692728e-02 1.72644378e-02 1.70764080e-02 1.65553362e-02
 1.62767585e-02 1.57983235e-02 1.51889137e-02 1.50393263e-02
 1.49689207e-02 1.40207739e-02 1.31467952e-02 1.29036291e-02
 1.24244187e-02 1.23383135e-02 1.18318790e-02 1.16571865e-02
 1.13128204e-02 1.11171597e-02 1.07348829e-02 1.06871132e-02
 1.04509861e-02 1.03890733e-02 1.02227746e-02 1.01264325e-02
 9.95877932e-03 9.65290967e-03 8.98084824e-03 8.82840499e-03
 8.78350032e-03 8.71453791e-03 8.56895374e-03 8.28871159e-03
 8.00067644e-03 7.92510209e-03 7.76628732e-03 7.49240691e-03
 7.39447944e-03 7.24888430e-03 7.16497649e-03 7.01445862e-03
 6.98197327e-03 6.57924109e-03 6.51052325e-03 6.30214625e-03
 6.13989550e-03 6.05259259e-03 5.91842478e-03 5.73447784e-03
 5.64914053e-03 5.42925155e-03 5.31850958e-03 5.13179494e-03
 4.98491291e-03 4.84508306e-03 4.72818699e-03 4.59017415e-03
 4.53013920e-03 4.46379414e-03 4.42505372e-03 4.35125480e-03
 4.15941516e-03 3.98758391e-03 3.92091090e-03 3.89197213e-03
 3.80168717e-03 3.70500991e-03 3.64134560e-03 3.47038895e-03
 3.42616523e-03 3.41190741e-03 3.37434330e-03 3.33090219e-03
 3.29885902e-03 3.08262985e-03 3.02490242e-03 2.99964481e-03
 2.96868499e-03 2.89055131e-03 2.84449409e-03 2.79791559e-03
 2.74980378e-03 2.71756364e-03 2.69175224e-03 2.64253817e-03
 2.62403116e-03 2.54925879e-03 2.49079219e-03 2.45740801e-03
 2.42240058e-03 2.36871641e-03 2.33649686e-03 2.28856721e-03
 2.24617108e-03 2.20091348e-03 2.16279074e-03 2.10049658e-03
 2.06284828e-03 1.98699087e-03 1.94299418e-03 1.92791487e-03
 1.91671102e-03 1.84778139e-03 1.80164911e-03 1.77227735e-03
 1.73030811e-03 1.70030450e-03 1.64920374e-03 1.61408750e-03
 1.60621031e-03 1.58517648e-03 1.52436471e-03 1.49737281e-03
 1.48208365e-03 1.46590711e-03 1.45759717e-03 1.40000749e-03
 1.37620427e-03 1.35981706e-03 1.31249499e-03 1.27474923e-03
 1.22933488e-03 1.19083446e-03 1.17935539e-03 1.12847310e-03
 1.11236982e-03 1.07501427e-03 1.06765118e-03 1.04172494e-03
 1.01873315e-03 1.00119636e-03 9.81953980e-04 9.50152021e-04
 9.20540498e-04 8.90684677e-04 8.74290547e-04 8.46270652e-04
 8.32426163e-04 8.13492250e-04 7.98716785e-04 7.84591093e-04
 7.63736071e-04 7.44867593e-04 7.34517831e-04 7.19464089e-04
 7.04114115e-04 6.72231779e-04 6.36216638e-04 6.31437212e-04
 6.24522674e-04 6.18086297e-04 6.05720221e-04 5.83986513e-04
 5.72135894e-04 5.54920093e-04 5.45758175e-04 5.17223462e-04
 5.11850346e-04 4.86263479e-04 4.77846782e-04 4.66552051e-04
 4.58575463e-04 4.49415952e-04 4.44396159e-04 4.38921917e-04
 4.26245296e-04 4.24384966e-04 4.04411895e-04 3.91578690e-04
 3.84007154e-04 3.74255313e-04 3.59482709e-04 3.57154545e-04
 3.49488384e-04 3.38585627e-04 3.29599209e-04 3.24081015e-04
 3.19873795e-04 3.11500172e-04 3.06973361e-04 3.02058058e-04
 2.98065660e-04 2.91226172e-04 2.87753731e-04 2.80485892e-04
 2.77579673e-04 2.71284321e-04 2.60649445e-04 2.45126714e-04
 2.42683797e-04 2.31098025e-04 2.26265321e-04 2.20274219e-04
 2.18290277e-04 2.17066403e-04 2.14093542e-04 2.08769997e-04
 2.06974005e-04 2.05056900e-04 2.00939391e-04 1.99074710e-04
 1.96915219e-04 1.95663261e-04 1.92430669e-04 1.85392805e-04
 1.76098749e-04 1.72074194e-04 1.68980479e-04 1.62270033e-04
 1.60520579e-04 1.58010243e-04 1.54283047e-04 1.50865883e-04
 1.49532697e-04 1.48336860e-04 1.46345714e-04 1.44231474e-04
 1.41472371e-04 1.35690365e-04 1.35185398e-04 1.32868654e-04
 1.27523633e-04 1.24343122e-04 1.21809691e-04 1.20189078e-04
 1.18642880e-04 1.13248466e-04 1.10672338e-04 1.07859513e-04
 1.05196942e-04 1.03176329e-04 1.02216914e-04 1.01493541e-04
 9.76513917e-05 9.44586669e-05 9.33841265e-05 9.04017909e-05
 8.87006669e-05 8.63532153e-05 8.57083140e-05 8.43673673e-05
 8.21156478e-05 8.13931341e-05 7.95188493e-05 7.76175286e-05
 7.68217541e-05 7.62281994e-05 7.36033504e-05 7.13714155e-05
 7.02710891e-05 6.78960971e-05 6.63055959e-05 6.47978800e-05
 6.20805333e-05 5.90761701e-05 5.69223146e-05 5.60705404e-05
 5.45093148e-05 5.40875657e-05 5.37119336e-05 5.30390868e-05
 5.26588866e-05 5.10862500e-05 4.94353257e-05 4.88469404e-05
 4.82153981e-05 4.79788864e-05 4.59337603e-05 4.47172676e-05
 4.36191493e-05 4.28100606e-05 4.24045839e-05 4.15876040e-05
 4.11544400e-05 4.02317319e-05 3.96211734e-05 3.89321362e-05
 3.83840282e-05 3.77319122e-05 3.69607631e-05 3.59140030e-05
 3.57821019e-05 3.54714097e-05 3.51512963e-05 3.39958482e-05
 3.24212571e-05 3.18782675e-05 3.06554767e-05 3.01420049e-05
 2.84050497e-05 2.81268149e-05 2.79655418e-05 2.72792980e-05
 2.61958307e-05 2.52874907e-05 2.47583478e-05 2.43129605e-05
 2.40702103e-05 2.37956275e-05 2.32740472e-05 2.29758543e-05
 2.23722024e-05 2.17209353e-05 2.13685813e-05 2.08393259e-05
 2.01891661e-05 1.96889091e-05 1.93986345e-05 1.84647205e-05
 1.82625164e-05 1.79334923e-05 1.77308753e-05 1.73930655e-05
 1.67016995e-05 1.63866473e-05 1.59945625e-05 1.58420609e-05
 1.55554377e-05 1.54155803e-05 1.49326362e-05 1.47217758e-05
 1.43228266e-05 1.40938003e-05 1.33238705e-05 1.29086044e-05
 1.25161757e-05 1.21450752e-05 1.17272496e-05 1.16990992e-05
 1.15879608e-05 1.11250437e-05 1.07484773e-05 1.04654128e-05
 1.02588268e-05 1.01207880e-05 9.64012547e-06 9.51774270e-06
 9.32473481e-06 9.15936311e-06 8.90055168e-06 8.65812981e-06
 8.56420981e-06 8.49553085e-06 8.44409858e-06 8.37331742e-06
 8.26365369e-06 8.21636789e-06 8.16020475e-06 7.96780214e-06
 7.54030133e-06 7.31545979e-06 7.11094434e-06 6.82780224e-06
 6.59828528e-06 6.52282439e-06 6.46987714e-06 6.33008578e-06
 6.14887107e-06 6.09898009e-06 5.98730929e-06 5.84259595e-06
 5.67793363e-06 5.46954240e-06 5.28482717e-06 5.25336340e-06
 5.15264182e-06 5.09212677e-06 4.97217486e-06 4.89489670e-06
 4.74592597e-06 4.66661209e-06 4.58991863e-06 4.56359531e-06
 4.48249516e-06 4.34510597e-06 4.16071291e-06 3.99965042e-06
 3.93511855e-06 3.89986321e-06 3.79827111e-06 3.75322885e-06
 3.72686042e-06 3.66483065e-06 3.59175807e-06 3.49183049e-06
 3.42943877e-06 3.38503690e-06 3.35793604e-06 3.14702959e-06
 3.06036069e-06 3.03844419e-06 3.00743240e-06 2.95184335e-06
 2.88042389e-06 2.80103961e-06 2.68993512e-06 2.67150313e-06
 2.59478494e-06 2.45886859e-06 2.43449836e-06 2.36875894e-06
 2.34885464e-06 2.32809233e-06 2.24666151e-06 2.17100564e-06
 2.12077067e-06 2.08822540e-06 1.99183397e-06 1.94524250e-06
 1.89299875e-06 1.85599670e-06 1.83199885e-06 1.78241936e-06
 1.74941346e-06 1.69325269e-06 1.62947402e-06 1.60313590e-06
 1.58618901e-06 1.54598735e-06 1.48971000e-06 1.43518528e-06
 1.40386637e-06 1.35711846e-06 1.32273601e-06 1.30299176e-06
 1.28932161e-06 1.23387678e-06 1.22637329e-06 1.21006008e-06
 1.19479308e-06 1.18493061e-06 1.17842563e-06 1.16402760e-06
 1.13496722e-06 1.12312018e-06 1.11004567e-06 1.09609512e-06
 1.06939455e-06 1.05408471e-06 1.02024442e-06 1.01331409e-06
 1.00057622e-06 9.58833439e-07 9.51080345e-07 9.19989068e-07]","[0.41962085 0.30272099 0.24189589 0.19783126 0.16529211 0.14879281
 0.12777272 0.12380724 0.11471695 0.1079251  0.0999033  0.09428986
 0.08872777 0.08688718 0.08752316 0.08918418 0.09050481 0.08781165
 0.08756855 0.08640643 0.08697671 0.08920471 0.08745055 0.08535652
 0.08297918 0.08416812 0.08064561 0.08131624 0.08237388 0.08256312
 0.08156551 0.07993044 0.07707607 0.07876054 0.07932233 0.07767209
 0.07798865 0.07818132 0.07447315 0.07385851 0.07405596 0.07509385
 0.07726323 0.07492115 0.07484398 0.07561843 0.07364427 0.07453046
 0.07265399 0.07428816 0.07581203 0.07504799 0.07281522 0.06967657
 0.06954163 0.0714039  0.07081637 0.07085519 0.07120401 0.07079198
 0.07157549 0.0694899  0.06984566 0.07146036 0.071783   0.07149458
 0.07646018 0.07412819 0.07644243 0.07751249 0.07634197 0.07653424
 0.07635465 0.07710638 0.07607332 0.07499171 0.07230822 0.0727803
 0.07183152 0.07300467 0.07472795 0.0739158  0.07221407 0.07168444
 0.07114066 0.0711349  0.07153348 0.07100311 0.07011722 0.07154903
 0.07137287 0.0711916  0.07268147 0.07387973 0.07594768 0.07603806
 0.07516875 0.07127792 0.07181101 0.07132451 0.06965478 0.07082307
 0.07116487 0.07180014 0.07215787 0.07271306 0.07286852 0.07026307
 0.07278054 0.07275724 0.07275007 0.07083762 0.06972917 0.06896269
 0.07048031 0.06963275 0.07183392 0.06914629 0.07076708 0.07027653
 0.07125339 0.07144552 0.06935337 0.06902949 0.06975761 0.07042567
 0.07038871 0.07047386 0.07015968 0.06956444 0.06906492 0.06984053
 0.06870969 0.06682327 0.06827614 0.06741372 0.06732805 0.06850647
 0.06839815 0.06891732 0.07076275 0.07235027 0.07140577 0.07098219
 0.07189237 0.07148602 0.07235287 0.07341979 0.07328967 0.07281777
 0.07196686 0.07340695 0.07279389 0.07041399 0.07099702 0.07172169
 0.07281881 0.07329411 0.07094005 0.072098   0.0742708  0.07589002
 0.07485102 0.07589914 0.0759277  0.07620544 0.07785661 0.07661278
 0.07751077 0.07935015 0.07814006 0.0755147  0.07671613 0.0748226
 0.07631589 0.07563316 0.07374486 0.07394886 0.07588706 0.07532913
 0.07478416 0.07342724 0.07517991 0.07454194 0.07330461 0.0746477
 0.07461387 0.07364242 0.07610576 0.07780828 0.07888062 0.08060611
 0.07977228 0.07887134 0.0781678  0.07818681 0.07716561 0.07779993
 0.07864413 0.08078964 0.08028283 0.07797547 0.07890109 0.07888979
 0.07823413 0.08008666 0.0800243  0.08192253 0.08178993 0.08055455
 0.081173   0.08013828 0.08004099 0.08136027 0.08114762 0.08134382
 0.08340989 0.08460153 0.08568171 0.08394757 0.08225994 0.0834725
 0.08456331 0.08344466 0.08129413 0.08156103 0.0819766  0.08293018
 0.08196331 0.08364024 0.08136226 0.08079828 0.08231263 0.08423712
 0.08516227 0.08440139 0.08512038 0.08415169 0.08605714 0.08473834
 0.08527534 0.0847626  0.08500877 0.08765183 0.08719798 0.08569958
 0.08593444 0.08531194 0.08420133 0.0855064  0.08751834 0.08956681
 0.09064813 0.09074698 0.09054927 0.0891253  0.08913342 0.08877662
 0.08654617 0.09111205 0.0930752  0.09246766 0.09141391 0.0901705
 0.09075943 0.09134643 0.09084916 0.09003034 0.09018535 0.09077289
 0.09067855 0.09239208 0.09155484 0.0915952  0.09160441 0.09088149
 0.09283747 0.09058738 0.09092678 0.092121   0.09175083 0.09079765
 0.09062569 0.08992726 0.08994292 0.08997576 0.09069078 0.08967149
 0.09156316 0.09069183 0.09116733 0.08880858 0.09029742 0.09005574
 0.08903081 0.08850729 0.08775082 0.0895047  0.08836496 0.08771913
 0.08707568 0.0871037  0.08715633 0.08750822 0.08951512 0.09138171
 0.09212618 0.09145189 0.08934227 0.08984558 0.0922413  0.09208072
 0.0913402  0.09216861 0.09101595 0.09002271 0.08997917 0.09004187
 0.08873204 0.09042544 0.09217082 0.09259769 0.09453665 0.09379569
 0.09403475 0.09320106 0.09445766 0.09442952 0.09446264 0.09508247
 0.09738305 0.09798187 0.09809125 0.09833383 0.09684463 0.09683963
 0.09685152 0.09691416 0.09690735 0.09722382 0.09554013 0.09690321
 0.09840125 0.09731262 0.09620766 0.09590699 0.09655896 0.09749961
 0.09702632 0.09683166 0.09689545 0.09845779 0.09889517 0.09989503
 0.10014477 0.09841714 0.10015106 0.10069737 0.10140823 0.09897437
 0.10084048 0.10040571 0.09910102 0.09860861 0.09864142 0.09945491
 0.10183737 0.10095755 0.0997053  0.10087611 0.10018107 0.10169272
 0.10139435 0.101377   0.10102815 0.09947383 0.10015883 0.10030203
 0.10017587 0.09932015 0.09951866 0.09953228 0.09973582 0.09924972
 0.09962998 0.10120039 0.1005379  0.10145096 0.10146631 0.10341875
 0.10501054 0.10433435 0.10337874 0.10307036 0.10306857 0.10119302
 0.10192655 0.10283658 0.10296193 0.10330463 0.10410823 0.10358713
 0.10361326 0.10384433 0.10419554 0.10280727 0.10237242 0.10044008
 0.10009284 0.10148734 0.10240156 0.10147936 0.10351672 0.10321558
 0.10418844 0.10394414 0.1026263  0.10428871 0.1040974  0.10436536
 0.10635868 0.10566797 0.10568516 0.10684198 0.10542256 0.10593769
 0.10779689 0.10674962 0.10709845 0.10582715 0.10476034 0.10646399
 0.1067455  0.10758579 0.10750365 0.10758491 0.1086182  0.10778699
 0.10914152 0.10872739 0.10716798 0.10487381 0.10450981 0.10182934
 0.10278155 0.10466066 0.10679184 0.10722257 0.11026658 0.10966826
 0.11148702 0.11179472 0.11091807 0.10857881 0.10977098 0.11042636
 0.11051587 0.11156878 0.10999126 0.11116555 0.11159657 0.11078365
 0.11158377 0.11233788 0.11336481 0.11270357 0.11347632 0.11212575
 0.11224371 0.11076531 0.11270305 0.11251527 0.1118933  0.11194897
 0.11328176 0.11409261 0.11315204 0.11058947 0.11210026 0.11287255
 0.11434734 0.11284717 0.11210095 0.11411801 0.11481506 0.11473806
 0.11477626 0.11408723 0.1135879  0.11294634 0.11298235 0.11504352
 0.11707389 0.11620584 0.11810382 0.11724056 0.11741304 0.11856925
 0.11940133 0.1205465 ]",500
Waist,"{'smote__k_neighbors': 10, 'gb__n_estimators': 400, 'gb__min_samples_split': 10, 'gb__min_samples_leaf': 4, 'gb__max_features': 'log2', 'gb__max_depth': 4, 'gb__learning_rate': 0.05}",0.9861111111111112,0.9863859180035652,0.9861111111111112,0.9861833367101147,"[[219   3]
 [  1  65]]","[0.65567679 0.61997677 0.58712716 0.55830364 0.53045741 0.50499829
 0.47902108 0.45770037 0.43601099 0.41628539 0.39996307 0.38313222
 0.36750604 0.35311992 0.33800337 0.3245732  0.31265296 0.3020017
 0.29004669 0.27891501 0.26931087 0.26004494 0.2508654  0.24349591
 0.2354627  0.22840877 0.22044486 0.21304312 0.20648502 0.19974046
 0.19368012 0.18766519 0.18135829 0.17563724 0.17047942 0.16556085
 0.16069148 0.1560945  0.1518454  0.14770487 0.14428449 0.14037575
 0.13669842 0.13343433 0.12944938 0.12652288 0.12311111 0.11953644
 0.1161212  0.11341535 0.11052409 0.10776662 0.10484405 0.10179408
 0.09874376 0.09655113 0.093549   0.09085766 0.08869457 0.08666805
 0.08501954 0.08346634 0.08187249 0.08035467 0.0786042  0.077258
 0.07513616 0.07385752 0.07202585 0.07076424 0.06931706 0.06807088
 0.06613652 0.06461599 0.06323788 0.06226068 0.0614525  0.06000972
 0.05892052 0.0575109  0.05616406 0.05511396 0.05416556 0.053228
 0.0519813  0.05110665 0.05019126 0.04920923 0.04817672 0.04688696
 0.04610378 0.04482033 0.04417392 0.04338712 0.04259509 0.04171502
 0.04091912 0.03991914 0.03916598 0.03842177 0.03753276 0.03699756
 0.03646668 0.035641   0.03494985 0.03434198 0.0336537  0.0329338
 0.03225602 0.03177106 0.03112322 0.03049653 0.029921   0.02918269
 0.02855789 0.02802362 0.02765911 0.02698072 0.02632083 0.02593763
 0.0256549  0.02516768 0.02475017 0.02444353 0.0240266  0.02350396
 0.02312449 0.02266259 0.02225873 0.02195802 0.02168745 0.02137868
 0.02095337 0.0206773  0.02029212 0.01990881 0.01967731 0.01940243
 0.01898433 0.0185861  0.01834857 0.01805989 0.01781151 0.01748757
 0.01713144 0.01697649 0.01675164 0.01654957 0.01631063 0.01610014
 0.01585793 0.01563951 0.01540533 0.01521665 0.01493931 0.01473057
 0.01454383 0.01435151 0.0141883  0.01408143 0.0138879  0.01368881
 0.01349629 0.01333567 0.01314658 0.0130071  0.01281105 0.01271411
 0.01258547 0.01232992 0.01218921 0.01208326 0.01187217 0.01172119
 0.01158054 0.01141985 0.01122865 0.01099712 0.0108806  0.01071091
 0.01055632 0.01038311 0.01018908 0.01007495 0.00992587 0.00979404
 0.00969466 0.00956731 0.00940841 0.00927726 0.00915254 0.00907507
 0.00900166 0.00882589 0.0087586  0.00862955 0.00847283 0.00836873
 0.00827505 0.00812697 0.00799231 0.00792169 0.00784106 0.00772814
 0.00762451 0.00751096 0.00744012 0.00737044 0.00727697 0.00716048
 0.00707788 0.00702721 0.00694456 0.00683903 0.00669286 0.00660216
 0.00652831 0.00647459 0.0064102  0.00633092 0.00627969 0.00619797
 0.00612164 0.00607085 0.00601997 0.00597941 0.00589677 0.00584658
 0.00576334 0.00571098 0.00565804 0.00559861 0.00551825 0.00545326
 0.00537796 0.00529839 0.00522538 0.0051537  0.00507415 0.00500305
 0.00494067 0.00489737 0.00484058 0.00478625 0.00472263 0.00464564
 0.00456328 0.0044818  0.0044149  0.0043215  0.00425905 0.00420417
 0.00415795 0.0041189  0.00405161 0.00401896 0.00398871 0.00396501
 0.0039146  0.00386464 0.00379948 0.00377351 0.00372588 0.00368454
 0.00363625 0.00360884 0.00355011 0.00351179 0.00348146 0.003445
 0.0034088  0.00338531 0.00335338 0.00331364 0.00326785 0.00322439
 0.00319684 0.00317551 0.00314393 0.00308796 0.00305368 0.00303011
 0.00300573 0.00296219 0.00293249 0.0029103  0.00287919 0.00284315
 0.00281097 0.00277875 0.00274937 0.0027114  0.00267511 0.00264771
 0.00262618 0.00260412 0.00257066 0.00253009 0.00249388 0.00247217
 0.00244759 0.00243366 0.00239292 0.00235166 0.00231169 0.00228077
 0.00224218 0.00222075 0.00220337 0.00216934 0.00214687 0.00211069
 0.00207673 0.0020421  0.00202101 0.00199326 0.00198264 0.00195426
 0.00192439 0.00189493 0.0018687  0.0018486  0.00182666 0.00180607
 0.00177244 0.00175887 0.00173982 0.00170823 0.00168818 0.00166905
 0.00165005 0.00162481 0.00160064 0.00158221 0.00156052 0.00154824
 0.0015339  0.00150866 0.00149092 0.00147436 0.00146007 0.00144527
 0.00142757 0.00141399 0.00139595 0.0013846  0.00136966 0.00135559
 0.00133927 0.00132117 0.00131474 0.00130758 0.00129011 0.00127577
 0.00126472 0.00124522 0.00123364 0.00121929 0.00120883 0.00120039
 0.00118975 0.00117565 0.00116857 0.00115666 0.00114605 0.00113188
 0.00112502 0.0011102  0.0010987  0.00108764 0.00106868 0.00105529
 0.00104654 0.00103782 0.00101663 0.00100699 0.0009972  0.00098943
 0.00097788 0.00096684 0.00095823 0.00094951 0.00094097 0.0009326
 0.00091924 0.00090992 0.00090332 0.0008955  0.00088477 0.00087846
 0.00087022 0.00085852 0.000846   0.00083786 0.00082956 0.00082378
 0.00081451 0.0008077  0.00079896 0.00079598]","[0.65753355 0.62170002 0.5894084  0.56201961 0.53505541 0.50947606
 0.48497171 0.46377969 0.44389329 0.42553926 0.41034899 0.39437886
 0.37986927 0.36585481 0.35144351 0.33876092 0.32789754 0.31815846
 0.30677013 0.29718064 0.28768272 0.2804185  0.27127192 0.26485997
 0.25780021 0.25193267 0.24424293 0.23711015 0.23076327 0.2241379
 0.21902144 0.21294083 0.20653574 0.2010882  0.19580714 0.19215269
 0.18848258 0.18426433 0.18010644 0.1764968  0.17415605 0.1720107
 0.16912342 0.16613022 0.16249694 0.16049432 0.15715702 0.15338346
 0.15056665 0.14822142 0.14565877 0.14314889 0.14012874 0.13751777
 0.13485241 0.13285831 0.1296394  0.12679396 0.12471112 0.12275389
 0.12207416 0.12064725 0.11954368 0.11813556 0.11572319 0.11492889
 0.11305747 0.1123796  0.11130498 0.11133228 0.11016139 0.1090305
 0.10827159 0.10712293 0.10567246 0.10424536 0.10393072 0.10264929
 0.10226579 0.10074985 0.09922366 0.09900952 0.09796033 0.09724487
 0.09636808 0.09548072 0.09536038 0.09410656 0.09297068 0.09181724
 0.09109292 0.08983176 0.08992451 0.08928571 0.08865773 0.08813772
 0.08750361 0.08765678 0.08710037 0.08610126 0.08496967 0.08487692
 0.08447011 0.08311043 0.08281596 0.08213719 0.08118552 0.08043957
 0.07992052 0.07962447 0.0791588  0.07852408 0.07833051 0.07829573
 0.07726207 0.0768252  0.07632991 0.07583107 0.07537107 0.07558141
 0.07500782 0.07462453 0.07439036 0.07429815 0.0737232  0.07297648
 0.07275814 0.07224469 0.0721453  0.07215231 0.07190118 0.07184939
 0.07171152 0.0716977  0.07130284 0.07082248 0.071123   0.07100213
 0.07040228 0.07019359 0.07028921 0.07023942 0.07009817 0.06976429
 0.06938554 0.06949394 0.06954237 0.06906813 0.06876913 0.06845407
 0.06842561 0.06804988 0.06813381 0.06817335 0.06790598 0.0674851
 0.0674103  0.0670156  0.06741249 0.06757463 0.06745659 0.06669147
 0.06674628 0.06677825 0.06693459 0.06685991 0.06630523 0.06621593
 0.06618875 0.06599666 0.06610515 0.06563474 0.06552504 0.0653433
 0.06529945 0.06495161 0.06486173 0.06454473 0.06419218 0.06375442
 0.06371077 0.06373485 0.06362117 0.06339886 0.06313825 0.06314501
 0.06355422 0.06373329 0.0637165  0.06363868 0.06344399 0.06342037
 0.06368688 0.06354749 0.06376117 0.06340837 0.06310631 0.0630549
 0.0632084  0.06275282 0.06234034 0.06240462 0.0622335  0.06218135
 0.06231366 0.06237012 0.06275496 0.06290481 0.06296237 0.06312672
 0.06285249 0.06275057 0.06231557 0.06184265 0.06179163 0.06159997
 0.06179179 0.06208027 0.06180825 0.06165909 0.06171145 0.06148882
 0.06173758 0.06178191 0.06166435 0.06178273 0.06172785 0.06180965
 0.06177475 0.06193631 0.06200814 0.06208096 0.06175903 0.06171706
 0.06157417 0.06153775 0.06180112 0.06164619 0.06167267 0.06169227
 0.06137694 0.06122798 0.06091522 0.06089906 0.06080636 0.06058315
 0.06044395 0.06018126 0.06026523 0.06026325 0.06015199 0.06007491
 0.06010877 0.05992063 0.06006323 0.06018182 0.06028751 0.06025377
 0.05998431 0.05983599 0.05959771 0.05981194 0.05959613 0.05921289
 0.05942829 0.05922679 0.058917   0.05924251 0.05912315 0.05907342
 0.05897243 0.0588294  0.05883721 0.05908302 0.0588496  0.05888745
 0.05906364 0.05915457 0.05908438 0.05908081 0.05918236 0.05931283
 0.05927896 0.0596242  0.05981554 0.05965803 0.05967943 0.05945147
 0.05961227 0.05971455 0.05950862 0.05957028 0.05960519 0.05938296
 0.05924231 0.05958411 0.05959484 0.05972337 0.0595677  0.05942384
 0.05948622 0.05968369 0.05944002 0.05942378 0.05941553 0.0588668
 0.05843403 0.05843842 0.05853372 0.05838754 0.05824966 0.05816565
 0.05775466 0.05765969 0.05753153 0.05719323 0.05696282 0.05723231
 0.05719907 0.05713552 0.05719852 0.05717046 0.05740974 0.05748538
 0.05752892 0.05762495 0.05772443 0.05760798 0.05757982 0.05751043
 0.05771065 0.05771714 0.05731212 0.05722068 0.05763572 0.05753161
 0.05767824 0.05769473 0.0575739  0.05747473 0.05735201 0.05734829
 0.05728917 0.05752446 0.05769678 0.05779458 0.05792003 0.05812683
 0.05821365 0.05815518 0.05835948 0.0583833  0.05830685 0.05842484
 0.05828269 0.05812845 0.05852628 0.0583043  0.05821123 0.05850426
 0.05855608 0.05842785 0.05862371 0.05856297 0.05869403 0.05857464
 0.05876506 0.05885085 0.05877078 0.05880367 0.05889342 0.05867175
 0.05860059 0.05868904 0.05859486 0.05870603 0.05863971 0.05848697
 0.05878772 0.05885844 0.05878169 0.0585633  0.05857152 0.05861035
 0.05871131 0.05862822 0.05902622 0.0590925  0.05880307 0.05866756
 0.05845922 0.05802112 0.05797265 0.05817516 0.05840328 0.05821102
 0.05809815 0.05806665 0.05826151 0.05823573]",400
Wrist,"{'smote__k_neighbors': 3, 'gb__n_estimators': 100, 'gb__min_samples_split': 5, 'gb__min_samples_leaf': 4, 'gb__max_features': 'sqrt', 'gb__max_depth': 18, 'gb__learning_rate': 0.1}",0.9591280653950953,0.9589330666968153,0.9591280653950953,0.9590197351577177,"[[288   7]
 [  8  64]]","[6.06040521e-01 5.34569415e-01 4.75957933e-01 4.23732692e-01
 3.79016014e-01 3.40062112e-01 3.05761817e-01 2.75507198e-01
 2.49218901e-01 2.25210885e-01 2.03681347e-01 1.84206408e-01
 1.67261198e-01 1.52164461e-01 1.38375464e-01 1.25751259e-01
 1.14404025e-01 1.04454171e-01 9.53064942e-02 8.68067702e-02
 7.92557609e-02 7.22344320e-02 6.60350664e-02 6.03820990e-02
 5.51537218e-02 5.03681448e-02 4.59904644e-02 4.20594658e-02
 3.84778145e-02 3.51889352e-02 3.22152891e-02 2.94079737e-02
 2.68422440e-02 2.47602065e-02 2.26158517e-02 2.07095466e-02
 1.90575037e-02 1.74535585e-02 1.60020471e-02 1.46722104e-02
 1.34369485e-02 1.22942434e-02 1.12615255e-02 1.03037531e-02
 9.42841477e-03 8.63669827e-03 7.93294831e-03 7.28453433e-03
 6.67798580e-03 6.11242636e-03 5.61495147e-03 5.15106423e-03
 4.73269634e-03 4.35754296e-03 4.00408305e-03 3.66257688e-03
 3.37449012e-03 3.09662195e-03 2.84029085e-03 2.60372498e-03
 2.38718063e-03 2.18828682e-03 2.00680442e-03 1.84724010e-03
 1.69335432e-03 1.55131653e-03 1.42258822e-03 1.30919601e-03
 1.20035778e-03 1.09880485e-03 1.00672427e-03 9.31579403e-04
 8.52233127e-04 7.84857529e-04 7.23937968e-04 6.64096963e-04
 6.09749157e-04 5.57740749e-04 5.10368621e-04 4.67906961e-04
 4.29505619e-04 3.93775601e-04 3.61285521e-04 3.30879785e-04
 3.04221930e-04 2.78103430e-04 2.54873401e-04 2.33960300e-04
 2.13926907e-04 1.96580550e-04 1.80534822e-04 1.65466200e-04
 1.51472161e-04 1.38667581e-04 1.27494855e-04 1.17038706e-04
 1.07376757e-04 9.86435593e-05 9.02044623e-05 8.25905716e-05]","[0.61858395 0.55776497 0.50896941 0.46535249 0.42812773 0.39430612
 0.36414013 0.3393476  0.31848219 0.29936879 0.28166352 0.26511229
 0.25304804 0.23919352 0.22926081 0.21870485 0.2080173  0.19991514
 0.19091005 0.18303552 0.17551743 0.16783854 0.1627828  0.15676563
 0.15346436 0.15074443 0.14639077 0.14308912 0.14051138 0.13746957
 0.13525204 0.13164028 0.12798159 0.12684889 0.12446198 0.12234792
 0.12120101 0.11946716 0.11816687 0.11762941 0.11640645 0.11637316
 0.1149263  0.11392627 0.11434916 0.11371211 0.11372805 0.11358186
 0.11284951 0.11220513 0.11277192 0.11360744 0.1136384  0.1127285
 0.11212546 0.11312079 0.11420414 0.11351808 0.11325742 0.11404876
 0.11452758 0.11448197 0.11357329 0.11268469 0.11193794 0.11129721
 0.11115857 0.11155691 0.11190026 0.11158837 0.11213919 0.11295849
 0.11335864 0.11254874 0.11335196 0.11350499 0.11335708 0.11330938
 0.11315547 0.11262379 0.1132131  0.11358533 0.11234273 0.11200163
 0.11334014 0.11354362 0.11309088 0.11349362 0.11391408 0.11365211
 0.11299732 0.11389767 0.11339469 0.11386177 0.1141884  0.11544123
 0.11627874 0.11796371 0.1181622  0.11955227]",100
